item_alpha,user_alpha,score
0.2,0.1,0.054022988505747535
0.2,0.2,0.0542200328407229
0.4,0.1,0.13431855500820858
0.4,0.2,0.12555008210180485
0.6,0.1,0.1404269293924449
0.6,0.2,0.10269293924466258
